{
  "ingredients": [
    {
      "name": "Avocado",
      "category": "Fruits",
      "unit": "g",
      "calories_per_100g": 160,
      "protein_per_100g": 2.0,
      "carbs_per_100g": 8.5,
      "fat_per_100g": 14.7,
      "saturated_fat_per_100g": 2.1,
      "unsaturated_fat_per_100g": 9.8,
      "polyunsaturated_fat_per_100g": 1.8,
      "fiber_per_100g": 6.7,
      "sugar_per_100g": 0.7,
      "sodium_per_100g": 7,
      "vitamin_a_per_100g": 7,
      "vitamin_c_per_100g": 10,
      "vitamin_e_per_100g": 2.1,
      "vitamin_k_per_100g": 21,
      "folate_per_100g": 20,
      "calcium_per_100g": 12,
      "iron_per_100g": 0.6,
      "magnesium_per_100g": 29,
      "phosphorus_per_100g": 52,
      "potassium_per_100g": 485,
      "zinc_per_100g": 0.6,
      "copper_per_100g": 0.19,
      "manganese_per_100g": 0.14,
      "water_per_100g": 73.2
    },
    {
      "name": "Quinoa",
      "category": "Grains",
      "unit": "g",
      "calories_per_100g": 368,
      "protein_per_100g": 14.1,
      "carbs_per_100g": 64.2,
      "fat_per_100g": 6.1,
      "saturated_fat_per_100g": 0.7,
      "unsaturated_fat_per_100g": 1.6,
      "polyunsaturated_fat_per_100g": 3.3,
      "fiber_per_100g": 7.0,
      "sugar_per_100g": 0,
      "sodium_per_100g": 5,
      "vitamin_e_per_100g": 2.4,
      "thiamine_per_100g": 0.36,
      "riboflavin_per_100g": 0.32,
      "niacin_per_100g": 1.5,
      "vitamin_b6_per_100g": 0.49,
      "folate_per_100g": 184,
      "calcium_per_100g": 47,
      "iron_per_100g": 4.6,
      "magnesium_per_100g": 197,
      "phosphorus_per_100g": 457,
      "potassium_per_100g": 563,
      "zinc_per_100g": 3.1,
      "copper_per_100g": 0.59,
      "manganese_per_100g": 2.03,
      "selenium_per_100g": 8.5,
      "water_per_100g": 13.3
    },
    {
      "name": "Wild Salmon",
      "brand": "Fresh Catch",
      "category": "Fish",
      "unit": "g",
      "calories_per_100g": 142,
      "protein_per_100g": 19.8,
      "carbs_per_100g": 0,
      "fat_per_100g": 6.3,
      "saturated_fat_per_100g": 1.0,
      "unsaturated_fat_per_100g": 2.3,
      "polyunsaturated_fat_per_100g": 2.5,
      "sodium_per_100g": 44,
      "vitamin_a_per_100g": 12,
      "vitamin_d_per_100g": 11,
      "vitamin_e_per_100g": 1.2,
      "thiamine_per_100g": 0.23,
      "riboflavin_per_100g": 0.38,
      "niacin_per_100g": 7.9,
      "vitamin_b6_per_100g": 0.8,
      "vitamin_b12_per_100g": 3.2,
      "calcium_per_100g": 12,
      "iron_per_100g": 0.8,
      "magnesium_per_100g": 29,
      "phosphorus_per_100g": 200,
      "potassium_per_100g": 363,
      "zinc_per_100g": 0.4,
      "selenium_per_100g": 36.5,
      "water_per_100g": 72.6
    },
    {
      "name": "Kale",
      "category": "Vegetables",
      "unit": "g",
      "calories_per_100g": 35,
      "protein_per_100g": 2.9,
      "carbs_per_100g": 4.4,
      "fat_per_100g": 1.5,
      "saturated_fat_per_100g": 0.3,
      "polyunsaturated_fat_per_100g": 0.7,
      "fiber_per_100g": 4.1,
      "sugar_per_100g": 0,
      "sodium_per_100g": 53,
      "vitamin_a_per_100g": 241,
      "vitamin_c_per_100g": 93.4,
      "vitamin_e_per_100g": 0.7,
      "vitamin_k_per_100g": 390,
      "thiamine_per_100g": 0.11,
      "riboflavin_per_100g": 0.35,
      "niacin_per_100g": 1.18,
      "vitamin_b6_per_100g": 0.14,
      "folate_per_100g": 141,
      "calcium_per_100g": 254,
      "iron_per_100g": 1.6,
      "magnesium_per_100g": 33,
      "phosphorus_per_100g": 55,
      "potassium_per_100g": 348,
      "zinc_per_100g": 0.4,
      "copper_per_100g": 0.15,
      "manganese_per_100g": 0.92,
      "water_per_100g": 89.6
    }
  ]
}
