{
  "name": "Hemp Seeds",
  "category": "Seeds",
  "unit": "g",
  "calories_per_100g": 553,
  "protein_per_100g": 31.6,
  "carbs_per_100g": 8.7,
  "fat_per_100g": 48.8,
  "saturated_fat_per_100g": 4.6,
  "polyunsaturated_fat_per_100g": 38.1,
  "fiber_per_100g": 4.0,
  "sugar_per_100g": 1.5,
  "sodium_per_100g": 5,
  "vitamin_e_per_100g": 0.8,
  "thiamine_per_100g": 0.4,
  "riboflavin_per_100g": 0.1,
  "niacin_per_100g": 2.8,
  "vitamin_b6_per_100g": 0.1,
  "folate_per_100g": 110,
  "calcium_per_100g": 70,
  "iron_per_100g": 7.9,
  "magnesium_per_100g": 700,
  "phosphorus_per_100g": 1650,
  "potassium_per_100g": 1200,
  "zinc_per_100g": 9.9,
  "copper_per_100g": 1.4,
  "manganese_per_100g": 7.6
}
